Country / Territory,ISO3,Region,2022,2021,2020,2019,2018,2017,2016,2015,2014,2013,2012,2011,2010,2009,2008,2007,2006,2005,2004,2003,2002,2001,2000,1999,1998,1997,1996,1995
Afghanistan,AFG,AP,24,16,19,16,16,15,15,11,12,8,8,1.5,1.4,1.3,1.5,1.8,,2.5,,,,,,,,,,
Albania,ALB,ECA,36,35,36,35,36,38,39,36,33,31,33,3.1,3.3,3.2,3.4,2.9,2.6,2.4,2.5,2.5,2.5,,,2.3,,,,
Algeria,DZA,MENA,33,33,36,35,35,33,34,36,36,36,34,2.9,2.9,2.8,3.2,3,3.1,2.8,2.7,2.6,,,,,,,,
Angola,AGO,SSA,33,29,27,26,19,19,18,15,19,23,22,2,1.9,1.9,1.9,2.2,2.2,2,2,1.8,1.7,,1.7,,,,,
Argentina,ARG,AME,38,38,42,45,40,39,36,32,34,34,35,3,2.9,2.9,2.9,2.9,2.9,2.8,2.5,2.5,2.8,3.5,3.5,3,3,2.81,3.41,5.24
Armenia,ARM,ECA,46,49,49,42,35,35,33,35,37,36,34,2.6,2.6,2.7,2.9,3,2.9,2.9,3.1,3,,,2.5,2.5,,,,
Australia,AUS,AP,75,73,77,77,77,77,79,79,80,81,85,8.8,8.7,8.7,8.7,8.6,8.7,8.8,8.8,8.8,8.6,8.5,8.3,8.7,8.7,8.86,8.6,8.8
Austria,AUT,WE/EU,71,74,76,77,76,75,75,76,72,69,69,7.8,7.9,7.9,8.1,8.1,8.6,8.7,8.4,8,7.8,7.8,7.7,7.6,7.5,7.61,7.59,7.13
Azerbaijan,AZE,ECA,23,30,30,30,25,31,30,29,29,28,27,2.4,2.4,2.3,1.9,2.1,2.4,2.2,1.9,1.8,2,2,1.5,1.7,,,,
Bahamas,BHS,AME,64,64,63,64,65,65,66,,71,71,71,7.3,,,,,,,,,,,,,,,,
Bahrain,BHR,MENA,44,42,42,42,36,36,43,51,49,48,51,5.1,4.9,5.1,5.4,5,5.7,5.8,5.8,6.1,,,,,,,,
Bangladesh,BGD,AP,25,26,26,26,26,28,26,25,25,27,26,2.7,2.4,2.4,2.1,2,2,1.7,1.5,1.3,1.2,0.4,,,,,2.29,
Barbados,BRB,AME,65,65,64,62,68,68,61,,74,75,76,7.8,7.8,7.4,7,6.9,6.7,6.9,7.3,,,,,,,,,
Belarus,BLR,ECA,39,41,47,45,44,44,40,32,31,29,31,2.4,2.5,2.4,2,2.1,2.1,2.6,3.3,4.2,4.8,,4.1,3.4,3.9,,,
Belgium,BEL,WE/EU,73,73,76,75,75,75,77,77,76,75,75,7.5,7.1,7.1,7.3,7.1,7.3,7.4,7.5,7.6,7.1,6.6,6.1,5.3,5.4,5.25,6.84,6.85
Benin,BEN,SSA,43,42,41,41,40,39,36,37,39,36,36,3,2.8,2.9,3.1,2.7,2.5,2.9,3.2,,,,,,,,,
Bhutan,BTN,AP,68,68,68,68,68,67,65,65,65,63,63,5.7,5.7,5,5.2,5,6,,,,,,,,,,,
Bolivia,BOL,AME,31,30,31,31,29,33,33,34,35,34,34,2.8,2.8,2.7,3,2.9,2.7,2.5,2.2,2.3,2.2,2,2.7,2.5,2.8,2.05,3.4,
Bosnia and Herzegovina,BIH,ECA,34,35,35,36,38,38,39,38,39,42,42,3.2,3.2,3,3.2,3.3,2.9,2.9,3.1,3.3,,,,,,,,
Botswana,BWA,SSA,60,55,60,61,61,61,60,63,63,64,65,6.1,5.8,5.6,5.8,5.4,5.6,5.9,6,5.7,6.4,6,6,6.1,6.1,,,
Brazil,BRA,AME,38,38,38,35,35,37,40,38,43,42,43,3.8,3.7,3.7,3.5,3.5,3.3,37,3.9,3.9,4,4,3.9,4.1,4,3.56,2.96,2.7
Brunei Darussalam,BRN,AP,,,60,60,63,62,58,,,60,55,5.2,5.5,5.5,,,,,,,,,,,,,,
Bulgaria,BGR,WE/EU,43,42,44,43,42,43,41,41,43,41,41,3.3,3.6,3.8,3.6,4.1,4,4,4.1,3.9,4,3.9,3.5,3.3,2.9,,,
Burkina Faso,BFA,SSA,42,42,40,40,41,42,42,38,38,38,38,3,3.1,3.6,3.5,2.9,3.2,3.4,,,,,3,,,,,
Burundi,BDI,SSA,17,19,19,19,17,22,20,21,20,21,19,1.9,1.8,1.8,1.9,2.5,2.4,2.3,,,,,,,,,,
Cabo Verde,CPV,SSA,60,58,58,58,57,55,59,55,57,58,60,5.5,5.1,5.1,5.1,4.9,,,,,,,,,,,,
Cambodia,KHM,AP,24,23,21,20,20,21,21,21,21,20,22,2.1,2.1,2,1.8,2,2.1,2.3,,,,,,,,,,
Cameroon,CMR,SSA,26,27,25,25,25,25,26,27,27,25,26,2.5,2.2,2.2,2.3,2.4,2.3,2.2,2.1,1.8,2.2,2,2,1.5,1.4,,2.46,
Canada,CAN,AME,74,74,77,77,81,82,82,83,81,81,84,8.7,8.9,8.7,8.7,8.7,8.5,8.4,8.5,8.7,9,8.9,9.2,9.2,9.2,9.1,8.96,8.87
Central African Republic,CAF,SSA,24,24,26,25,26,23,20,24,24,25,26,2.2,2.1,2,2,2,2.4,,,,,,,,,,,
Chad,TCD,SSA,19,20,21,20,19,20,20,22,22,19,19,2,1.7,1.6,1.6,1.8,2,1.7,1.7,,,,,,,,,
Chile,CHL,AME,67,67,67,67,67,67,66,70,73,71,72,7.2,7.2,6.7,6.9,7,7.3,7.3,7.4,7.4,7.5,7.5,7.4,6.9,6.8,6.05,6.8,7.94
China,CHN,AP,45,45,42,41,39,41,40,37,36,40,39,3.6,3.5,3.6,3.6,3.5,3.3,3.2,3.4,3.4,3.5,3.5,3.1,3.4,3.5,2.88,2.43,2.16
Colombia,COL,AME,39,39,39,37,36,37,37,37,37,36,36,3.4,3.5,3.7,3.8,3.8,3.9,4,3.8,3.7,3.6,3.8,3.2,2.9,2.2,2.23,2.73,3.44
Comoros,COM,SSA,19,20,21,25,27,27,24,26,26,28,28,2.4,2.1,2.3,2.5,2.6,,,,,,,,,,,,
Congo,COG,SSA,21,21,19,19,19,21,20,23,23,22,26,2.2,2.1,1.9,1.9,2.1,2.2,2.3,2.3,2.2,,,,,,,,
Costa Rica,CRI,AME,54,58,57,56,56,59,58,55,54,53,54,4.8,5.3,5.3,5.1,5,4.1,4.2,4.9,4.3,4.5,4.5,5.4,5.1,5.6,6.45,,
Cote d'Ivoire,CIV,SSA,37,36,36,35,35,36,34,32,32,27,29,2.2,2.2,2.1,2,2.1,2.1,1.9,2,2.1,2.7,2.4,2.7,2.6,3.1,,,
Croatia,HRV,WE/EU,50,47,47,47,48,49,49,51,48,48,46,4,4.1,4.1,4.4,4.1,3.4,3.4,3.5,3.7,3.8,3.9,3.7,2.7,,,,
Cuba,CUB,AME,45,46,47,48,47,47,47,47,46,46,48,4.2,3.7,4.4,4.3,4.2,3.5,3.8,3.7,4.6,,,,,,,,
Cyprus,CYP,WE/EU,52,53,57,58,59,57,55,61,63,63,66,6.3,6.3,6.6,6.4,5.3,5.6,5.7,5.4,6.1,,,,,,,,
Czechia,CZE,WE/EU,56,54,54,56,59,57,55,56,51,48,49,4.4,4.6,4.9,5.2,5.2,4.8,4.3,4.2,3.9,3.7,3.9,4.3,4.6,4.8,5.2,5.37,
Democratic Republic of the Congo,COD,SSA,20,19,18,18,20,21,21,22,22,22,21,2,2,1.9,1.7,1.9,2,2.1,2,,,,,,,,,
Denmark,DNK,WE/EU,90,88,88,87,88,88,90,91,92,91,90,9.4,9.3,9.3,9.3,9.4,9.5,9.5,9.5,9.5,9.5,9.5,9.8,10,10,9.94,9.33,9.32
Djibouti,DJI,SSA,30,30,27,30,31,31,30,34,34,36,36,3,3.2,2.8,3,2.9,,,,,,,,,,,,
Dominica,DMA,AME,55,55,55,55,57,57,59,,58,58,58,5.2,5.2,5.9,6,5.6,4.5,,,,,,,,,,,
Dominican Republic,DOM,AME,32,30,28,28,30,29,31,33,32,29,32,2.6,3,3,3,3,2.8,3,2.9,3.3,3.5,3.1,,,,,,
Ecuador,ECU,AME,36,36,39,38,34,32,31,32,33,35,32,2.7,2.5,2.2,2,2.1,2.3,2.5,2.4,2.2,2.2,2.3,2.6,2.4,2.3,,3.19,
Egypt,EGY,MENA,30,33,33,35,35,32,34,36,37,32,32,2.9,3.1,2.8,2.8,2.9,3.3,3.4,3.2,3.3,3.4,3.6,3.1,3.3,2.9,,2.84,
El Salvador,SLV,AME,33,34,36,34,35,33,36,39,39,38,38,3.4,3.6,3.4,3.9,4,4,4.2,4.2,3.7,3.4,3.6,4.1,3.9,3.6,,,
Equatorial Guinea,GNQ,SSA,17,17,16,16,16,17,,,,19,20,1.9,1.9,1.8,1.7,1.9,2.1,1.9,,,,,,,,,,
Eritrea,ERI,SSA,22,22,21,23,24,20,18,18,18,20,25,2.5,2.6,2.6,2.6,2.8,2.9,2.6,2.6,,,,,,,,,
Estonia,EST,WE/EU,74,74,75,74,73,71,70,70,69,68,64,6.4,6.5,6.6,6.6,6.5,6.7,6.4,6,5.5,5.6,5.6,5.7,5.7,5.7,,,
Eswatini,SWZ,SSA,30,32,33,34,38,39,,,43,39,37,3.1,3.2,3.6,3.6,3.3,2.5,2.7,,,,,,,,,,
Ethiopia,ETH,SSA,38,39,38,37,34,35,34,33,33,33,33,2.7,2.7,2.7,2.6,2.4,2.4,2.2,2.3,2.5,3.5,,3.2,,,,,
Fiji,FJI,AP,53,55,,,,,,,,,,,,,,,,4,,,,,,,,,,
Finland,FIN,WE/EU,87,88,85,86,85,85,89,90,89,89,90,9.4,9.2,8.9,9,9.4,9.6,9.6,9.7,9.7,9.7,9.9,10,9.8,9.6,9.48,9.05,9.12
France,FRA,WE/EU,72,71,69,69,72,70,69,70,69,71,71,7,6.8,6.9,6.9,7.3,7.4,7.5,7.1,6.9,6.3,6.7,6.7,6.6,6.7,6.66,6.96,7
Gabon,GAB,SSA,29,31,30,31,31,32,35,34,37,34,35,3,2.8,2.9,3.1,3.3,3,2.9,3.3,,,,,,,,,
Gambia,GMB,SSA,34,37,37,37,37,30,26,28,29,28,34,3.5,3.2,2.9,1.9,2.3,2.5,2.7,2.8,2.5,,,,,,,,
Georgia,GEO,ECA,56,55,56,56,58,56,57,52,52,49,52,4.1,3.8,4.1,3.9,3.4,2.8,2.3,2,1.8,2.4,,,2.3,,,,
Germany,DEU,WE/EU,79,80,80,80,80,81,81,81,79,78,79,8,7.9,8,7.9,7.8,8,8.2,8.2,7.7,7.3,7.4,7.6,8,7.9,8.23,8.27,8.14
Ghana,GHA,SSA,43,43,43,41,41,40,43,47,48,46,45,3.9,4.1,3.9,3.9,3.7,3.3,3.5,3.6,3.3,3.9,3.4,3.5,3.3,3.3,,,
Greece,GRC,WE/EU,52,49,50,48,45,48,44,46,43,40,36,3.4,3.5,3.8,4.7,4.6,4.4,4.3,4.3,4.3,4.2,4.2,4.9,4.9,4.9,5.35,5.01,4.04
Grenada,GRD,AME,52,53,53,53,52,52,56,,,,,,,,,3.4,3.5,,,,,,,,,,,
Guatemala,GTM,AME,24,25,25,26,27,28,28,28,32,29,33,2.7,3.2,3.4,3.1,2.8,2.6,2.5,2.2,2.4,2.5,2.9,,3.2,3.1,,,
Guinea,GIN,SSA,25,25,28,29,28,27,27,25,25,24,24,2.1,2,1.8,1.6,1.9,1.9,,,,,,,,,,,
Guinea Bissau,GNB,SSA,21,21,19,18,16,17,16,17,19,19,25,2.2,2.1,1.9,1.9,2.2,,,,,,,,,,,,
Guyana,GUY,AME,40,39,41,40,37,38,34,29,30,27,28,2.5,2.7,2.6,2.6,2.6,2.5,2.5,,,,,,,,,,
Haiti,HTI,AME,17,20,18,18,20,22,20,17,19,19,19,1.8,2.2,1.8,1.4,1.6,1.8,1.8,1.5,1.5,2.2,,,,,,,
Honduras,HND,AME,23,23,24,26,29,29,30,31,29,26,28,2.6,2.4,2.5,2.6,2.5,2.5,2.6,2.3,2.3,2.7,2.7,,1.8,1.7,,,
Hong Kong,HKG,AP,76,76,77,76,76,77,77,75,74,75,77,8.4,8.4,8.2,8.1,8.3,8.3,8.3,8,8,8.2,7.9,7.7,7.7,7.8,7.28,7.01,7.12
Hungary,HUN,WE/EU,42,43,44,44,46,45,48,51,54,54,55,4.6,4.7,5.1,5.1,5.3,5.2,5,4.8,4.8,4.9,5.3,5.2,5.2,5,5.18,4.86,4.12
Iceland,ISL,WE/EU,74,74,75,78,76,77,78,79,79,78,82,8.3,8.5,8.7,8.9,9.2,9.6,9.7,9.5,9.6,9.4,9.2,9.1,9.2,9.3,,,
India,IND,AP,40,40,40,41,41,40,40,38,38,36,36,3.1,3.3,3.4,3.4,3.5,3.3,2.9,2.8,2.8,2.7,2.7,2.8,2.9,2.9,2.75,2.63,2.78
Indonesia,IDN,AP,34,38,37,40,38,37,37,36,34,32,32,3,2.8,2.8,2.6,2.3,2.4,2.2,2,1.9,1.9,1.9,1.7,1.7,2,2.72,2.65,1.94
Iran,IRN,MENA,25,25,25,26,28,30,29,27,27,25,28,2.7,2.2,1.8,2.3,2.5,2.7,2.9,2.9,3,,,,,,,,
Iraq,IRQ,MENA,23,23,21,20,18,18,17,16,16,16,18,1.8,1.5,1.5,1.3,1.5,1.9,2.2,2.1,2.2,,,,,,,,
Ireland,IRL,WE/EU,77,74,72,74,73,74,73,75,74,72,69,7.5,8,8,7.7,7.5,7.4,7.4,7.5,7.5,6.9,7.5,7.2,7.7,8.2,8.28,8.45,8.57
Israel,ISR,MENA,63,59,60,60,61,62,64,61,60,61,60,5.8,6.1,6.1,6,6.1,5.9,6.3,6.4,7,7.3,7.6,6.6,6.8,7.1,7.97,7.71,
Italy,ITA,WE/EU,56,56,53,53,52,50,47,44,43,43,42,3.9,3.9,4.3,4.8,5.2,4.9,5,4.8,5.3,5.2,5.5,4.6,4.7,4.6,5.03,3.42,2.99
Jamaica,JAM,AME,44,44,44,43,44,44,39,41,38,38,38,3.3,3.3,3,3.1,3.3,3.7,3.6,3.3,3.8,4,,,3.8,3.8,,,
Japan,JPN,AP,73,73,74,73,73,73,72,75,76,74,74,8,7.8,7.7,7.3,7.5,7.6,7.3,6.9,7,7.1,7.1,6.4,6,5.8,6.57,7.05,6.72
Jordan,JOR,MENA,47,49,49,48,49,48,48,53,49,45,48,4.5,4.7,5,5.1,4.7,5.3,5.7,5.3,4.6,4.5,4.9,4.6,4.4,4.7,,4.89,
Kazakhstan,KAZ,ECA,36,37,38,34,31,31,29,28,29,26,28,2.7,2.9,2.7,2.2,2.1,2.6,2.6,2.2,2.4,2.3,2.7,3,2.3,,,,
Kenya,KEN,SSA,32,30,31,28,27,28,26,25,25,27,27,2.2,2.1,2.2,2.1,2.1,2.2,2.1,2.1,1.9,1.9,2,2.1,2,2.5,,2.21,
"Korea, North",PRK,AP,17,16,18,17,14,17,12,8,8,8,8,1,,,,,,,,,,,,,,,,
"Korea, South",KOR,AP,63,62,61,59,57,54,53,54,55,55,56,5.4,5.4,5.5,5.6,5.1,5.1,5,4.5,4.3,4.5,4.2,4,3.8,4.2,4.29,5.02,4.29
Kosovo,KSV,ECA,41,39,36,36,37,39,36,33,33,33,34,,,,,,,,,,,,,,,,,
Kuwait,KWT,MENA,42,43,42,40,41,39,41,49,44,43,44,4.6,4.5,4.1,4.3,4.3,4.8,4.7,4.6,5.3,,,,,,,,
Kyrgyzstan,KGZ,ECA,27,27,31,30,29,29,28,28,27,24,24,2.1,2,1.9,1.8,2.1,2.2,2.3,2.2,2.1,,,,2.2,,,,
Laos,LAO,AP,31,30,29,29,29,29,30,25,25,26,21,2.2,2.1,2,2,1.9,2.6,3.3,,,,,,,,,,
Latvia,LVA,WE/EU,59,59,57,56,58,58,57,56,55,53,49,4.2,4.3,4.5,5,4.8,4.7,4.2,4,3.8,3.7,3.4,3.4,3.4,2.7,,,
Lebanon,LBN,MENA,24,24,25,28,28,28,28,28,27,28,30,2.5,2.5,2.5,3,3,3.6,3.1,2.7,3,,,,,,,,
Lesotho,LSO,SSA,37,38,41,40,41,42,39,44,49,49,45,3.5,3.5,3.3,3.2,3.3,3.2,3.4,,,,,,,,,,
Liberia,LBR,SSA,26,29,28,28,32,31,37,37,37,38,41,3.2,3.3,3.1,2.4,2.1,,2.2,,,,,,,,,,
Libya,LBY,MENA,17,17,17,18,17,17,14,16,18,15,21,2,2.2,2.5,2.6,2.5,2.7,2.5,2.5,2.1,,,,,,,,
Lithuania,LTU,WE/EU,62,61,60,60,59,59,59,59,58,57,54,4.8,5,4.9,4.6,4.8,4.8,4.8,4.6,4.7,4.8,4.8,4.1,3.8,,,,
Luxembourg,LUX,WE/EU,77,81,80,80,81,82,81,85,82,80,80,8.5,8.5,8.2,8.3,8.4,8.6,8.5,8.4,8.7,9,8.7,8.6,8.8,8.7,8.61,,
Madagascar,MDG,SSA,26,26,25,24,25,24,26,28,28,28,32,3,2.6,3,3.4,3.2,3.1,2.8,3.1,2.6,1.7,,,,,,,
Malawi,MWI,SSA,34,35,30,31,32,31,31,31,33,37,37,3,3.4,3.3,2.8,2.7,2.7,2.8,2.8,2.8,2.9,3.2,4.1,4.1,4.1,,,
Malaysia,MYS,AP,47,48,51,53,47,47,49,50,52,50,49,4.3,4.4,4.5,5.1,5.1,5,5.1,5,5.2,4.9,5,4.8,5.1,5.3,5.01,5.32,5.28
Maldives,MDV,AP,40,40,43,29,31,33,36,,,,,2.5,2.3,2.5,2.8,3.3,,,,,,,,,,,,
Mali,MLI,SSA,28,29,30,29,32,31,32,35,32,28,34,2.8,2.7,2.8,3.1,2.7,2.8,2.9,3.2,3,,,,,,,,
Malta,MLT,WE/EU,51,54,53,54,54,56,55,60,55,56,57,5.6,5.6,5.2,5.8,5.8,6.4,6.6,6.8,,,,,,,,,
Mauritania,MRT,SSA,30,28,29,28,27,28,27,31,30,30,31,2.4,2.3,2.5,2.8,2.6,3.1,,,,,,,,,,,
Mauritius,MUS,SSA,50,54,53,52,51,50,54,53,54,52,57,5.1,5.4,5.4,5.5,4.7,5.1,4.2,4.1,4.4,4.5,4.5,4.7,4.9,5,,,
Mexico,MEX,AME,31,31,31,29,28,29,30,31,35,34,34,3,3.1,3.3,3.6,3.5,3.3,3.5,3.6,3.6,3.6,3.7,3.3,3.4,3.3,2.66,3.3,3.18
Moldova,MDA,ECA,39,36,34,32,33,31,30,33,35,35,36,2.9,2.9,3.3,2.9,2.8,3.2,2.9,2.3,2.4,2.1,3.1,2.6,2.6,,,,
Mongolia,MNG,AP,33,35,35,35,37,36,38,39,39,38,36,2.7,2.7,2.7,3,3,2.8,3,3,,,,,4.3,,,,
Montenegro,MNE,ECA,45,46,45,45,45,46,45,44,42,44,41,4,3.7,3.9,3.4,3.3,,,,,,,,,,,,
Morocco,MAR,MENA,38,39,40,41,43,40,37,36,39,37,37,3.4,3.4,3.3,3.5,3.5,3.2,3.2,3.2,3.3,3.7,,4.7,4.1,3.7,,,
Mozambique,MOZ,SSA,26,26,25,26,23,25,27,31,31,30,31,2.7,2.7,2.5,2.6,2.8,2.8,2.8,2.8,2.7,,,2.2,3.5,,,,
Myanmar,MMR,AP,23,28,28,29,29,30,28,22,21,21,15,1.5,1.4,1.4,1.3,1.4,1.9,1.8,1.7,1.6,,,,,,,,
Namibia,NAM,SSA,49,49,51,52,53,51,52,53,49,48,48,4.4,4.4,4.5,4.5,4.5,4.1,4.3,4.1,4.7,5.7,5.4,5.4,5.3,5.3,,,
Nepal,NPL,AP,34,33,33,34,31,31,29,27,29,31,27,2.2,2.2,2.3,2.7,2.5,2.5,2.5,2.8,,,,,,,,,
Netherlands,NLD,WE/EU,80,82,82,82,82,82,83,84,83,83,84,8.9,8.8,8.9,8.9,9,8.7,8.6,8.7,8.9,9,8.8,8.9,9,9,9.03,8.71,8.69
New Zealand,NZL,AP,87,88,88,87,87,89,90,91,91,91,90,9.5,9.3,9.4,9.3,9.4,9.6,9.6,9.6,9.5,9.5,9.4,9.4,9.4,9.4,9.23,9.43,9.55
Nicaragua,NIC,AME,19,20,22,22,25,26,26,27,28,28,29,2.5,2.5,2.5,2.5,2.6,2.6,2.6,2.7,2.6,2.5,2.4,,3.1,3,,,
Niger,NER,SSA,32,31,32,32,34,33,35,34,35,34,33,2.5,2.6,2.9,2.8,2.6,2.3,2.4,2.2,,,,,,,,,
Nigeria,NGA,SSA,24,24,25,26,27,27,28,26,27,25,27,2.4,2.4,2.5,2.7,2.2,2.2,1.9,1.6,1.4,1.6,1,1.2,1.6,1.9,1.76,0.69,
North Macedonia,MKD,ECA,40,39,35,35,37,35,37,42,45,44,43,3.9,4.1,3.8,3.6,3.3,2.7,2.7,2.7,2.3,,,,3.3,,,,
Norway,NOR,WE/EU,84,85,84,84,84,85,85,88,86,86,85,9,8.6,8.6,7.9,8.7,8.8,8.9,8.9,8.8,8.5,8.6,9.1,8.9,9,8.92,8.87,8.61
Oman,OMN,MENA,44,52,54,52,52,44,45,45,45,47,47,4.8,5.3,5.5,5.5,4.7,5.4,6.3,6.1,6.3,,,,,,,,
Pakistan,PAK,AP,27,28,31,32,33,32,32,30,29,28,27,2.5,2.3,2.4,2.5,2.4,2.2,2.1,2.1,2.5,2.6,2.3,,2.2,2.7,2.53,1,2.25
Panama,PAN,AME,36,36,35,36,37,37,38,39,37,35,38,3.3,3.6,3.4,3.4,3.2,3.1,3.5,3.7,3.4,3,3.7,,,,,,
Papua New Guinea,PNG,AP,30,31,27,28,28,29,28,25,25,25,25,2.2,2.1,2.1,2,2,2.4,2.3,2.6,2.1,,,,,,,,
Paraguay,PRY,AME,28,30,28,28,29,29,30,27,24,24,25,2.2,2.2,2.1,2.4,2.4,2.6,2.1,1.9,1.6,1.7,,,2,1.5,,,
Peru,PER,AME,36,36,38,36,35,37,35,36,38,38,38,3.4,3.5,3.7,3.6,3.5,3.3,3.5,3.5,3.7,4,4.1,4.4,4.5,4.5,,,
Philippines,PHL,AP,33,33,34,34,36,34,35,35,38,36,34,2.6,2.4,2.4,2.3,2.5,2.5,2.5,2.6,2.5,2.6,2.9,2.8,3.6,3.3,3.05,2.69,2.77
Poland,POL,WE/EU,55,56,56,58,60,60,62,63,61,60,58,5.5,5.3,5,4.6,4.2,3.7,3.4,3.5,3.6,4,4.1,4.1,4.2,4.6,5.08,5.57,
Portugal,PRT,WE/EU,62,62,61,62,64,63,62,64,63,62,63,6.1,6,5.8,6.1,6.5,6.6,6.5,6.3,6.6,6.3,6.3,6.4,6.7,6.5,6.97,6.53,5.56
Qatar,QAT,MENA,58,63,63,62,62,63,61,71,69,68,68,7.2,7.7,7,6.5,6,6,5.9,5.2,5.6,,,,,,,,
Romania,ROU,WE/EU,46,45,44,44,47,48,48,46,43,43,44,3.6,3.7,3.8,3.8,3.7,3.1,3,2.9,2.8,2.6,2.8,2.9,3.3,3,3.44,,
Russia,RUS,ECA,28,29,30,28,28,29,29,29,27,28,28,2.4,2.1,2.2,2.1,2.3,2.5,2.4,2.8,2.7,2.7,2.3,2.1,2.4,2.4,2.27,2.58,
Rwanda,RWA,SSA,51,53,54,53,56,55,54,54,49,53,53,5,4,3.3,3,2.8,2.5,3.1,,,,,,,,,,
Saint Lucia,LCA,AME,55,56,56,55,55,55,60,,71,71,71,7,,7,7.1,6.8,,,,,,,,,,,,
Saint Vincent and the Grenadines,VCT,AME,60,59,59,59,58,58,60,,62,62,62,5.8,,6.4,6.5,6.1,,,,,,,,,,,,
Sao Tome and Principe,STP,SSA,45,45,47,46,46,46,46,42,42,42,42,3,3,2.8,2.7,2.7,,,,,,,,,,,,
Saudi Arabia,SAU,MENA,51,53,53,53,49,49,46,52,49,46,44,4.4,4.7,4.3,3.5,3.4,3.3,3.4,3.4,4.5,,,,,,,,
Senegal,SEN,SSA,43,43,45,45,45,45,45,44,43,41,36,2.9,2.9,3,3.4,3.6,3.3,3.2,3,3.2,3.1,2.9,3.5,3.4,3.3,,,
Serbia,SRB,ECA,36,38,38,39,39,41,42,40,41,42,39,3.3,3.5,3.5,3.4,3.4,3,,,,,,,,,,,
Serbia and Montenegro,SCG,ECA,,,,,,,,,,,,,,,,,,,,2.3,2.7,2.8,,,,,,
Seychelles,SYC,SSA,70,70,66,66,66,60,,55,55,54,52,4.8,4.8,4.8,4.8,4.5,3.6,4,4.4,,,,,,,,,
Sierra Leone,SLE,SSA,34,34,33,33,30,30,30,29,31,30,31,2.5,2.4,2.2,1.9,2.1,2.2,2.4,2.3,2.2,,,,,,,,
Singapore,SGP,AP,83,85,85,85,85,84,84,85,84,86,87,9.2,9.3,9.2,9.2,9.3,9.4,9.4,9.3,9.4,9.3,9.2,9.1,9.1,9.1,8.66,8.8,9.26
Slovakia,SVK,WE/EU,53,52,49,50,50,50,51,51,50,47,46,4,4.3,4.5,5,4.9,4.7,4.3,4,3.7,3.7,3.7,3.5,3.7,3.9,,,
Slovenia,SVN,WE/EU,56,57,60,60,60,61,61,60,58,57,61,5.9,6.4,6.6,6.7,6.6,6.4,6.1,6,5.9,6,5.2,5.5,6,,,,
Solomon Islands,SLB,AP,42,43,42,42,44,39,42,,,,,2.7,2.8,2.8,2.9,2.8,,,,,,,,,,,,
Somalia,SOM,SSA,12,13,12,9,10,9,10,8,8,8,8,1,1.1,1.1,1,1.4,,2.1,,,,,,,,,,
South Africa,ZAF,SSA,43,44,44,44,43,43,45,44,44,42,43,4.1,4.5,4.7,4.9,5.1,4.6,4.5,4.6,4.4,4.8,4.8,5,5,5.2,4.95,5.68,5.62
South Sudan,SSD,SSA,13,11,12,12,13,12,11,15,15,14,,,,,,,,,,,,,,,,,,
Spain,ESP,WE/EU,60,61,62,62,58,57,58,58,60,59,65,6.2,6.1,6.1,6.5,6.7,6.8,7,7.1,6.9,7.1,7,7,6.6,6.1,5.9,4.31,4.35
Sri Lanka,LKA,AP,36,37,38,38,38,38,36,37,38,37,40,3.3,3.2,3.1,3.2,3.2,3.1,3.2,3.5,3.4,3.7,,,,,,,
Sudan,SDN,SSA,22,20,16,16,16,16,14,12,11,11,13,1.6,1.6,1.5,1.6,1.8,2,2.1,2.2,2.3,,,,,,,,
Suriname,SUR,AME,40,39,38,44,43,41,45,36,36,36,37,3,,3.7,3.6,3.5,3,3.2,4.3,,,,,,,,,
Sweden,SWE,WE/EU,83,85,85,85,85,84,88,89,87,89,88,9.3,9.2,9.2,9.3,9.3,9.2,9.2,9.2,9.3,9.3,9,9.4,9.4,9.5,9.35,9.08,8.87
Switzerland,CHE,WE/EU,82,84,85,85,85,85,86,86,86,85,86,8.8,8.7,9,9,9,9.1,9.1,9.1,8.8,8.5,8.4,8.6,8.9,8.9,8.61,8.76,8.76
Syria,SYR,MENA,13,13,14,13,13,14,13,18,20,17,26,2.6,2.5,2.6,2.1,2.4,2.9,3.4,3.4,3.4,,,,,,,,
Taiwan,TWN,AP,68,68,65,65,63,63,61,62,61,61,61,6.1,5.8,5.6,5.7,5.7,5.9,5.9,5.6,5.7,5.6,5.9,5.5,5.6,5.3,5.02,4.98,5.08
Tajikistan,TJK,ECA,24,25,25,25,25,21,25,26,23,22,22,2.3,2.1,2,2,2.1,2.2,2.1,2,1.8,,,,,,,,
Tanzania,TZA,SSA,38,39,38,37,36,36,32,30,31,33,35,3,2.7,2.6,3,3.2,2.9,2.9,2.8,2.5,2.7,2.2,2.5,1.9,1.9,,,
Thailand,THA,AP,36,35,36,36,36,37,35,38,38,35,37,3.4,3.5,3.4,3.5,3.3,3.6,38,3.6,3.3,3.2,3.2,3.2,3.2,3,3.06,3.33,2.79
Timor-Leste,TLS,AP,42,41,40,38,35,38,35,28,28,30,33,2.4,2.5,2.2,2.2,2.6,2.6,,,,,,,,,,,
Togo,TGO,SSA,30,30,29,29,30,32,32,32,29,29,30,2.4,2.4,2.8,2.7,2.3,2.4,,,,,,,,,,,
Trinidad and Tobago,TTO,AME,42,41,40,40,41,41,35,39,38,38,39,3.2,3.6,3.6,3.6,3.4,3.2,38,4.2,4.6,4.9,5.3,,,,,,
Tunisia,TUN,MENA,40,44,44,43,43,42,41,38,40,41,41,3.8,4.3,4.2,4.4,4.2,4.6,4.9,5,4.9,4.8,5.3,5.2,5,5,,,
Turkey,TUR,ECA,36,38,40,39,41,40,41,42,45,50,49,4.2,4.4,4.4,4.6,4.1,3.8,3.5,3.2,3.1,3.2,3.6,3.8,3.6,3.4,3.21,3.54,4.1
Turkmenistan,TKM,ECA,19,19,19,19,20,19,22,18,17,17,17,1.6,1.6,1.8,1.8,2,2.2,1.8,2,,,,,,,,,
Uganda,UGA,SSA,26,27,27,28,26,26,25,25,26,26,29,2.4,2.5,2.5,2.6,2.8,2.7,2.5,2.6,2.2,2.1,1.9,2.3,2.2,2.6,,2.71,
Ukraine,UKR,ECA,33,32,33,30,32,30,29,27,26,25,26,2.3,2.4,2.2,2.5,2.7,2.8,2.6,2.2,2.3,2.4,2.1,1.5,2.6,2.8,,,
United Arab Emirates,ARE,MENA,67,69,71,71,70,71,66,70,70,69,68,6.8,6.3,6.5,5.9,5.7,6.2,6.2,6.1,5.2,,,,,,,,
United Kingdom,GBR,WE/EU,73,78,77,77,80,82,81,81,78,76,74,7.8,7.6,7.7,7.7,8.4,8.6,8.6,8.6,8.7,8.7,8.3,8.7,8.6,8.7,8.22,8.44,8.57
United States of America,USA,AME,69,67,67,69,71,75,74,76,74,73,73,7.1,7.1,7.5,7.3,7.2,7.3,7.6,7.5,7.5,7.7,7.6,7.8,7.5,7.5,7.61,7.66,7.79
Uruguay,URY,AME,74,73,71,71,70,70,71,74,73,73,72,7,6.9,6.7,6.9,6.7,6.4,5.9,6.2,5.5,5.1,5.1,,4.4,4.3,4.14,,
Uzbekistan,UZB,ECA,31,28,26,25,23,22,21,19,18,17,17,1.6,1.6,1.7,1.8,1.7,2.1,2.2,2.3,2.4,2.9,2.7,2.4,1.8,,,,
Vanuatu,VUT,AP,48,45,43,46,46,43,,,,,,3.5,3.6,3.2,2.9,3.1,,,,,,,,,,,,
Venezuela,VEN,AME,14,14,15,16,18,18,17,17,19,20,19,1.9,1.5,1.9,1.9,2,2.3,2.3,2.3,2.4,2.5,2.8,2.7,2.6,2.3,2.77,2.5,2.66
Vietnam,VNM,AP,42,39,36,37,33,35,33,31,31,31,31,2.9,2.7,2.7,2.7,2.6,2.6,2.6,2.6,2.4,2.4,2.6,2.5,2.6,2.5,2.79,,
Yemen,YEM,MENA,16,16,15,15,14,16,14,18,19,18,23,2.1,2.2,2.1,2.3,2.5,2.6,2.7,2.4,2.6,,,,,,,,
Zambia,ZMB,SSA,33,33,33,34,35,37,38,38,38,38,37,3.2,3,3,2.8,2.6,2.6,2.6,2.6,2.5,2.6,2.6,3.4,3.5,3.5,,,
Zimbabwe,ZWE,SSA,23,23,24,24,22,22,22,21,21,21,20,2.2,2.4,2.2,1.8,2.1,2.4,2.6,2.3,2.3,2.7,2.9,3,4.1,4.2,,,
